{"cameraMode":{"drawMode":0,"name":"Shaded","section":"Shading Mode"},"sceneLighting":true,"audioPlay":false,"sceneViewState":{"m_AlwaysRefresh":false,"showFog":true,"showSkybox":true,"showFlares":true,"showImageEffects":true,"showParticleSystems":true,"showVisualEffectGraphs":true,"m_FxEnabled":true},"in2DMode":false,"pivot":{"x":0.6393507719039917,"y":3.0731427669525148,"z":-7.931373596191406},"rotation":{"x":0.20435196161270142,"y":-0.1557694524526596,"z":0.03295667842030525,"w":0.9658610224723816},"size":0.8660253882408142,"orthographic":false}